{"cycle_A": 0.1410030871629715, "cycle_B": 0.14340265095233917, "_runtime": 120041, "D_A": 0.02130904048681259, "G_B": 0.9641595482826233, "_step": 151, "idt_A": 0.058607228100299835, "idt_B": 0.04411488026380539, "_timestamp": 1619136469, "Prediction Samples": {"_type": "images/separated", "width": 256, "height": 256, "format": "png", "count": 8, "captions": ["real_A", "fake_B", "rec_A", "idt_B", "real_B", "fake_A", "rec_B", "idt_A"]}, "D_B": 0.0004604225396178663, "G_A": 0.8589689135551453}