{"G_A": 0.37007391452789307, "idt_A": 0.09894988685846329, "cycle_B": 0.30938488245010376, "Prediction Samples": {"_type": "images/separated", "width": 256, "height": 256, "format": "png", "count": 8, "captions": ["real_A", "fake_B", "rec_A", "idt_B", "real_B", "fake_A", "rec_B", "idt_A"]}, "_timestamp": 1619909983, "D_A": 0.09774838387966156, "D_B": 0.034317295998334885, "G_B": 1.0667160749435425, "_step": 75, "idt_B": 0.16578733921051025, "cycle_A": 0.31546729803085327, "_runtime": 36830}