{"cycle_A": 0.11526669561862946, "cycle_B": 0.1752564162015915, "_runtime": 141846, "_timestamp": 1619296138, "D_A": 0.04437863826751709, "_step": 202, "idt_A": 0.0730871856212616, "idt_B": 0.0380743071436882, "Prediction Samples": {"_type": "images/separated", "width": 256, "height": 256, "format": "png", "count": 8, "captions": ["real_A", "fake_B", "rec_A", "idt_B", "real_B", "fake_A", "rec_B", "idt_A"]}, "D_B": 0.0033311492297798395, "G_A": 0.9207675457000732, "G_B": 1.0281721353530884}