{"G_A": 0.8108860850334167, "_step": 50, "idt_A": 0.08860953152179718, "cycle_A": 0.26151561737060547, "cycle_B": 0.21897462010383606, "_runtime": 32133, "Prediction Samples": {"_type": "images/separated", "width": 256, "height": 256, "format": "png", "count": 8, "captions": ["real_A", "fake_B", "rec_A", "idt_B", "real_B", "fake_A", "rec_B", "idt_A"]}, "D_A": 0.04909582436084747, "G_B": 1.2377997636795044, "idt_B": 0.11473562568426132, "_timestamp": 1618887723, "D_B": 0.017597327008843422}