{"G_B": 0.9529376029968262, "idt_A": 0.08099029958248138, "cycle_A": 0.14669103920459747, "_runtime": 97209, "_timestamp": 1619059848, "D_B": 0.0015629109693691134, "G_A": 0.6505441665649414, "idt_B": 0.046550020575523376, "cycle_B": 0.18470734357833862, "Prediction Samples": {"_type": "images/separated", "width": 256, "height": 256, "format": "png", "count": 8, "captions": ["real_A", "fake_B", "rec_A", "idt_B", "real_B", "fake_A", "rec_B", "idt_A"]}, "D_A": 0.057258427143096924, "_step": 117}