{"cycle_B": 0.21107864379882812, "_runtime": 102453, "_timestamp": 1617392137, "Prediction Samples": {"_type": "images/separated", "width": 256, "height": 256, "format": "png", "count": 8, "captions": ["real_A", "fake_B", "rec_A", "idt_B", "real_B", "fake_A", "rec_B", "idt_A"]}, "D_B": 0.0029783365316689014, "G_B": 0.8760860562324524, "_step": 110, "idt_B": 0.01844560168683529, "cycle_A": 0.058977529406547546, "D_A": 0.00841577723622322, "G_A": 0.8080636858940125, "idt_A": 0.0485055148601532}