{"Prediction Samples": {"_type": "images/separated", "width": 256, "height": 256, "format": "png", "count": 8, "captions": ["real_A", "fake_B", "rec_A", "idt_B", "real_B", "fake_A", "rec_B", "idt_A"]}, "G_B": 0.884596586227417, "idt_A": 0.09348954260349274, "cycle_B": 0.2498505860567093, "_timestamp": 1617135142, "idt_B": 0.017793428152799606, "cycle_A": 0.06704453378915787, "_runtime": 45202, "D_A": 0.009719239547848701, "D_B": 0.05634899437427521, "G_A": 0.8615589141845703, "_step": 44}