{"_timestamp": 1618882397, "D_A": 0.03535858541727066, "D_B": 0.08327031135559082, "G_A": 1.064828872680664, "G_B": 0.7671087980270386, "_step": 39, "_runtime": 27394, "idt_A": 0.09022772312164307, "idt_B": 0.1279161125421524, "cycle_A": 0.3572883605957031, "cycle_B": 0.19081008434295654, "Prediction Samples": {"_type": "images/separated", "width": 256, "height": 256, "format": "png", "count": 8, "captions": ["real_A", "fake_B", "rec_A", "idt_B", "real_B", "fake_A", "rec_B", "idt_A"]}}