{"idt_A": 0.03844570368528366, "idt_B": 0.01134592853486538, "cycle_A": 0.02837512455880642, "cycle_B": 0.20578047633171082, "_runtime": 127561, "_timestamp": 1617558907, "D_A": 0.0003802937571890652, "D_B": 0.005974136292934418, "_step": 145, "Prediction Samples": {"_type": "images/separated", "width": 256, "height": 256, "format": "png", "count": 8, "captions": ["real_A", "fake_B", "rec_A", "idt_B", "real_B", "fake_A", "rec_B", "idt_A"]}, "G_A": 0.9967109560966492, "G_B": 0.03808365389704704}