{"Prediction Samples": {"_type": "images/separated", "width": 256, "height": 256, "format": "png", "count": 8, "captions": ["real_A", "fake_B", "rec_A", "idt_B", "real_B", "fake_A", "rec_B", "idt_A"]}, "D_A": 0.05341993272304535, "G_A": 0.3759353756904602, "idt_A": 0.08056073635816574, "idt_B": 0.06970825791358948, "cycle_B": 0.19529633224010468, "_timestamp": 1618970987, "D_B": 0.002626520348712802, "G_B": 1.0505328178405762, "_step": 89, "cycle_A": 0.16433267295360565, "_runtime": 58544}