{"D_A": 0.0007875930750742555, "D_B": 0.026380550116300583, "G_A": 0.8462548851966858, "G_B": 0.7255474925041199, "idt_A": 0.05601119250059128, "idt_B": 0.02095326967537403, "cycle_A": 0.05870596319437027, "cycle_B": 0.22470638155937195, "_timestamp": 1617303426, "_step": 81, "_runtime": 82780, "Prediction Samples": {"_type": "images/separated", "width": 256, "height": 256, "format": "png", "count": 8, "captions": ["real_A", "fake_B", "rec_A", "idt_B", "real_B", "fake_A", "rec_B", "idt_A"]}}