{"D_A": 0.0016109005082398653, "G_B": 0.780920147895813, "idt_B": 0.016566522419452667, "_runtime": 64598, "_timestamp": 1617218684, "Prediction Samples": {"_type": "images/separated", "width": 256, "height": 256, "format": "png", "count": 8, "captions": ["real_A", "fake_B", "rec_A", "idt_B", "real_B", "fake_A", "rec_B", "idt_A"]}, "D_B": 0.011594194918870926, "G_A": 1.0419626235961914, "_step": 55, "idt_A": 0.06553657352924347, "cycle_A": 0.033994853496551514, "cycle_B": 0.2361774444580078}