{"D_A": 0.02927393466234207, "G_A": 0.8001718521118164, "idt_A": 0.06887584179639816, "idt_B": 0.07712404429912567, "cycle_A": 0.2051623910665512, "cycle_B": 0.1815788745880127, "_runtime": 134276, "_timestamp": 1619214151, "D_B": 0.0005299532786011696, "G_B": 0.9668281078338623, "_step": 184, "Prediction Samples": {"_type": "images/separated", "width": 256, "height": 256, "format": "png", "count": 8, "captions": ["real_A", "fake_B", "rec_A", "idt_B", "real_B", "fake_A", "rec_B", "idt_A"]}}