{"Prediction Samples": {"_type": "images/separated", "width": 256, "height": 256, "format": "png", "count": 8, "captions": ["real_A", "fake_B", "rec_A", "idt_B", "real_B", "fake_A", "rec_B", "idt_A"]}, "D_A": 0.0008229643572121859, "D_B": 0.06962337344884872, "G_A": 0.962943971157074, "idt_A": 0.7007452845573425, "cycle_B": 1.6116664409637451, "_timestamp": 1617469490, "G_B": 0.9715113639831543, "_step": 125, "idt_B": 0.009833305142819881, "cycle_A": 0.02648843079805374, "_runtime": 113284}