{"D_B": 0.003702250774949789, "_step": 171, "idt_B": 0.05303733050823212, "cycle_A": 0.18008288741111755, "cycle_B": 0.19788441061973572, "_runtime": 119385, "Prediction Samples": {"_type": "images/separated", "width": 256, "height": 256, "format": "png", "count": 8, "captions": ["real_A", "fake_B", "rec_A", "idt_B", "real_B", "fake_A", "rec_B", "idt_A"]}, "D_A": 0.04741135984659195, "G_B": 0.9132596254348755, "idt_A": 0.07452379912137985, "_timestamp": 1620248218, "G_A": 1.049910545349121}