{"idt_A": 0.07373087853193283, "idt_B": 0.05978371948003769, "cycle_A": 0.24452640116214752, "cycle_B": 0.19979119300842285, "Prediction Samples": {"_type": "images/separated", "width": 256, "height": 256, "format": "png", "count": 8, "captions": ["real_A", "fake_B", "rec_A", "idt_B", "real_B", "fake_A", "rec_B", "idt_A"]}, "D_A": 0.1039789542555809, "G_B": 1.0746572017669678, "_step": 163, "_timestamp": 1620198931, "D_B": 0.004472138825803995, "G_A": 1.3527944087982178, "_runtime": 105327}