{"_timestamp": 1618985797, "Prediction Samples": {"_type": "images/separated", "width": 256, "height": 256, "format": "png", "count": 8, "captions": ["real_A", "fake_B", "rec_A", "idt_B", "real_B", "fake_A", "rec_B", "idt_A"]}, "D_A": 0.1688675731420517, "cycle_A": 0.22835001349449158, "cycle_B": 0.18778592348098755, "_step": 98, "idt_A": 0.08018046617507935, "idt_B": 0.08530254662036896, "_runtime": 64930, "D_B": 0.0027791792526841164, "G_A": 0.8175099492073059, "G_B": 1.0041569471359253}