{"cycle_A": 0.027871929109096527, "_runtime": 171810, "_timestamp": 1617756282, "G_A": 1.0041006803512573, "idt_A": 0.03551653400063515, "idt_B": 0.012100456282496452, "_step": 197, "cycle_B": 0.15523463487625122, "Prediction Samples": {"_type": "images/separated", "width": 256, "height": 256, "format": "png", "count": 8, "captions": ["real_A", "fake_B", "rec_A", "idt_B", "real_B", "fake_A", "rec_B", "idt_A"]}, "D_A": 0.0002465502475388348, "D_B": 0.000142748438520357, "G_B": 1.0113900899887085}