{"Prediction Samples": {"_type": "images/separated", "width": 256, "height": 256, "format": "png", "count": 8, "captions": ["real_A", "fake_B", "rec_A", "idt_B", "real_B", "fake_A", "rec_B", "idt_A"]}, "D_A": 0.052878133952617645, "G_A": 0.6194717288017273, "cycle_A": 0.6941587924957275, "idt_A": 0.16247041523456573, "D_B": 0.09296271204948425, "G_B": 0.9035702347755432, "cycle_B": 0.36834490299224854, "idt_B": 0.2802388668060303, "_runtime": 13422, "_timestamp": 1619819385, "_step": 18}