{"G_B": 0.8273959159851074, "idt_A": 0.059194859117269516, "_timestamp": 1620418037, "_runtime": 147159, "D_A": 0.05263826623558998, "D_B": 0.0030638575553894043, "G_A": 0.7504307627677917, "_step": 199, "idt_B": 0.04332154616713524, "cycle_A": 0.18053166568279266, "cycle_B": 0.16252893209457397, "Prediction Samples": {"_type": "images/separated", "width": 256, "height": 256, "format": "png", "count": 8, "captions": ["real_A", "fake_B", "rec_A", "idt_B", "real_B", "fake_A", "rec_B", "idt_A"]}}