{"Prediction Samples": {"_type": "images/separated", "width": 256, "height": 256, "format": "png", "count": 8, "captions": ["real_A", "fake_B", "rec_A", "idt_B", "real_B", "fake_A", "rec_B", "idt_A"]}, "D_A": 0.013096688315272331, "G_A": 0.7922316789627075, "cycle_A": 0.05362305790185928, "idt_A": 0.08421280980110168, "D_B": 0.09551877528429031, "G_B": 0.493868887424469, "cycle_B": 0.6853732466697693, "idt_B": 0.022545624524354935, "_runtime": 22679, "_timestamp": 1617049548, "_step": 12}