{"D_A": 0.11796143651008606, "D_B": 0.005745776928961277, "cycle_A": 0.17492227256298065, "cycle_B": 0.2218414694070816, "Prediction Samples": {"_type": "images/separated", "width": 256, "height": 256, "format": "png", "count": 8, "captions": ["real_A", "fake_B", "rec_A", "idt_B", "real_B", "fake_A", "rec_B", "idt_A"]}, "G_A": 0.7199707627296448, "G_B": 0.7761921882629395, "_step": 113, "idt_A": 0.1496054083108902, "idt_B": 0.0557103157043457, "_runtime": 62548, "_timestamp": 1619998379}