{"_timestamp": 1617718297, "Prediction Samples": {"_type": "images/separated", "width": 256, "height": 256, "format": "png", "count": 8, "captions": ["real_A", "fake_B", "rec_A", "idt_B", "real_B", "fake_A", "rec_B", "idt_A"]}, "D_A": 0.0007292141672223806, "G_A": 0.8774696588516235, "G_B": 0.993143618106842, "_step": 172, "idt_A": 0.03383277729153633, "idt_B": 0.013111107051372528, "D_B": 0.0004042201617266983, "cycle_A": 0.030432656407356262, "cycle_B": 0.15536805987358093, "_runtime": 154110}