{"cycle_B": 0.2811737060546875, "_timestamp": 1620088708, "D_A": 0.03478541970252991, "G_A": 0.5162421464920044, "G_B": 0.9679694771766663, "idt_A": 0.1061633825302124, "idt_B": 0.08656644821166992, "cycle_A": 0.26290661096572876, "D_B": 0.0018192946445196867, "_step": 155, "_runtime": 91446, "Prediction Samples": {"_type": "images/separated", "width": 256, "height": 256, "format": "png", "count": 8, "captions": ["real_A", "fake_B", "rec_A", "idt_B", "real_B", "fake_A", "rec_B", "idt_A"]}}