{"D_B": 0.00012136694567743689, "idt_B": 0.010864186100661755, "cycle_A": 0.024911779910326004, "_timestamp": 1617798909, "D_A": 0.00022523693041875958, "G_A": 0.9940115213394165, "G_B": 0.9900045394897461, "_step": 199, "idt_A": 0.04122936725616455, "cycle_B": 0.19184839725494385, "_runtime": 173698, "Prediction Samples": {"_type": "images/separated", "width": 256, "height": 256, "format": "png", "count": 8, "captions": ["real_A", "fake_B", "rec_A", "idt_B", "real_B", "fake_A", "rec_B", "idt_A"]}}