{"Prediction Samples": {"_type": "images/separated", "width": 256, "height": 256, "format": "png", "count": 8, "captions": ["real_A", "fake_B", "rec_A", "idt_B", "real_B", "fake_A", "rec_B", "idt_A"]}, "D_A": 0.04912460595369339, "G_A": 0.4433295428752899, "cycle_A": 0.5212121605873108, "idt_A": 0.131130650639534, "D_B": 0.05522917956113815, "G_B": 0.3540903925895691, "cycle_B": 0.2737782895565033, "idt_B": 0.43814313411712646, "_runtime": 13648, "_timestamp": 1618868531, "_step": 19}