{"idt_A": 0.08651445806026459, "idt_B": 0.04072751849889755, "cycle_A": 0.3918587863445282, "D_A": 0.16073200106620789, "G_B": 1.017375111579895, "_step": 192, "_runtime": 134885, "_timestamp": 1620333229, "Prediction Samples": {"_type": "images/separated", "width": 256, "height": 256, "format": "png", "count": 8, "captions": ["real_A", "fake_B", "rec_A", "idt_B", "real_B", "fake_A", "rec_B", "idt_A"]}, "D_B": 0.001383126713335514, "G_A": 1.19652259349823, "cycle_B": 0.2198101282119751}