{"D_A": 0.0022083926014602184, "D_B": 0.0004176709335297346, "G_A": 1.067449927330017, "G_B": 0.9731428027153015, "idt_B": 0.009604889899492264, "cycle_A": 0.028907228261232376, "_step": 165, "idt_A": 0.03801492974162102, "cycle_B": 0.2018507421016693, "_runtime": 141191, "_timestamp": 1617572656, "Prediction Samples": {"_type": "images/separated", "width": 256, "height": 256, "format": "png", "count": 8, "captions": ["real_A", "fake_B", "rec_A", "idt_B", "real_B", "fake_A", "rec_B", "idt_A"]}}